Tractor Model,Installed On,installation_state,installation_district
MAHINDRA ARJUN Ultra 605 DI-57HP,2019-10-12T12:49:38.554Z,Uttar Pradesh,Aligarh
MAHINDRA BHOOMIPUTRA 265 DI-35 HP,2019-10-14T09:15:07.407Z,Uttar Pradesh,Aligarh
MAHINDRA BHOOMIPUTRA 265 DI-35 HP,2019-10-14T11:24:34.931Z,Uttar Pradesh,Aligarh
MAHINDRA BHOOMIPUTRA 265 DI-35 HP,2019-11-26T06:20:57.740Z,Uttar Pradesh,Aligarh
MAHINDRA ARJUN Ultra 1 555 DI-50 HP,2020-01-09T09:40:19.475Z,Uttar Pradesh,Aligarh
MAHINDRA BHOOMIPUTRA 275 DI TU-39 HP,2020-01-09T11:07:11.596Z,Uttar Pradesh,Aligarh
MAHINDRA BHOOMIPUTRA 265 DI-35 HP,2019-10-14T09:45:28.816Z,Uttar Pradesh,Aligarh
MAHINDRA JIVO 225 DI-22 HP,2019-11-29T07:15:35.854Z,Uttar Pradesh,Aligarh
MAHINDRA BHOOMIPUTRA 585 DI-50 HP,2019-12-04T09:11:48.752Z,Uttar Pradesh,Aligarh
MAHINDRA BHOOMIPUTRA 585 DI-50 HP,2019-12-06T11:48:52.678Z,Uttar Pradesh,Aligarh
MAHINDRA JIVO 225 DI-22 HP,2020-02-01T08:40:06.778Z,Uttar Pradesh,Aligarh
  ,2020-02-03T11:06:28.638Z,Uttar Pradesh,Aligarh
MAHINDRA ARJUN NOVO 605 DI-I-57 HP,2019-10-18T10:06:25.624Z,Uttar Pradesh,Allahabad
MAHINDRA BHOOMIPUTRA 265 DI-33 HP,2019-10-23T06:59:38.748Z,Uttar Pradesh,Allahabad
MAHINDRA BHOOMIPUTRA 475 DI-42 HP,2019-11-19T07:28:50.825Z,Uttar Pradesh,Allahabad
MAHINDRA BHOOMIPUTRA 265 DI-35 HP,2019-12-14T05:10:16.606Z,Uttar Pradesh,Allahabad
MAHINDRA BHOOMIPUTRA 575 DI-45 HP,2020-02-10T10:58:50.789Z,Uttar Pradesh,Jyotiba Phule Nagar
MAHINDRA BHOOMIPUTRA 575 DI-45 HP,2020-02-10T09:42:46.705Z,Uttar Pradesh,Jyotiba Phule Nagar
MAHINDRA BHOOMIPUTRA 575 DI-42 HP,2019-11-14T07:26:11.491Z,Uttar Pradesh,Auraiya
MAHINDRA ARJUN NOVO 605 DI-I-57 HP,2019-10-10T09:54:47.975Z,Uttar Pradesh,Azamgarh
MAHINDRA YUVO 575 DI-45 HP,2019-10-16T06:23:20.516Z,Uttar Pradesh,Azamgarh
MAHINDRA ARJUN NOVO 605 DI-I-57 HP,2019-10-21T05:31:00.398Z,Uttar Pradesh,Azamgarh
MAHINDRA ARJUN NOVO 605 DI-I-57 HP,2019-10-22T03:34:17.623Z,Uttar Pradesh,Azamgarh
MAHINDRA YUVO 275 DI-35 HP,2019-10-22T04:16:51.713Z,Uttar Pradesh,Azamgarh
MAHINDRA ARJUN NOVO 605 DI-I-57 HP,2019-10-22T05:32:30.037Z,Uttar Pradesh,Azamgarh
MAHINDRA YUVO 575 DI-45 HP,2019-10-22T04:44:06.655Z,Uttar Pradesh,Azamgarh
MAHINDRA ARJUN NOVO 605 DI-I-57 HP,2019-10-23T10:00:43.432Z,Uttar Pradesh,Azamgarh
MAHINDRA YUVO 415 DI-40 HP,2019-10-23T09:44:44.923Z,Uttar Pradesh,Azamgarh
MAHINDRA BHOOMIPUTRA 275 DI TU-39 HP,2019-10-28T10:10:56.736Z,Uttar Pradesh,Azamgarh
MAHINDRA BHOOMIPUTRA 585 DI-50 HP,2019-11-09T07:58:58.897Z,Uttar Pradesh,Azamgarh
MAHINDRA ARJUN NOVO 605 DI-I-57 HP,2019-11-11T08:56:39.366Z,Uttar Pradesh,Azamgarh
  ,2019-11-12T07:00:38.000Z,Uttar Pradesh,Azamgarh
MAHINDRA YUVO 575 DI-45 HP,2019-11-17T06:28:48.023Z,Uttar Pradesh,Azamgarh
MAHINDRA YUVO 575 DI-45 HP,2019-11-16T08:41:20.630Z,Uttar Pradesh,Azamgarh
MAHINDRA BHOOMIPUTRA 275 DI TU-39 HP,2019-11-21T08:34:54.297Z,Uttar Pradesh,Azamgarh
MAHINDRA BHOOMIPUTRA 585 DI-50 HP,2019-11-16T11:04:34.318Z,Uttar Pradesh,Azamgarh
MAHINDRA ARJUN NOVO 605 DI-I-57 HP,2019-10-08T09:29:00.252Z,Uttar Pradesh,Azamgarh
MAHINDRA BHOOMIPUTRA 585 DI-50 HP,2019-10-16T07:09:08.794Z,Uttar Pradesh,Azamgarh
MAHINDRA YUVO 575 DI-45 HP,2019-11-29T09:13:04.893Z,Uttar Pradesh,Azamgarh
MAHINDRA BHOOMIPUTRA 585 DI-50 HP,2020-01-01T09:19:30.202Z,Uttar Pradesh,Azamgarh
MAHINDRA ARJUN NOVO 605 DI-I-57 HP,2020-01-17T07:19:02.327Z,Uttar Pradesh,Azamgarh
MAHINDRA YUVO 275 DI-35 HP,2020-01-04T05:37:57.562Z,Uttar Pradesh,Azamgarh
MAHINDRA ARJUN NOVO 605 DI-I-57 HP,2020-02-20T06:57:09.319Z,Uttar Pradesh,Azamgarh
MAHINDRA ARJUN NOVO 605 DI-I-57 HP,2020-02-20T07:57:28.164Z,Uttar Pradesh,Azamgarh
MAHINDRA ARJUN NOVO 605 DI-I-57 HP,2020-02-21T11:35:18.841Z,Uttar Pradesh,Azamgarh
MAHINDRA ARJUN NOVO 605 DI-I-57 HP,2020-03-12T08:23:59.319Z,Uttar Pradesh,Azamgarh
  ,2019-12-16T09:45:51.574Z,Uttar Pradesh,Baghpat
MAHINDRA BHOOMIPUTRA 585 DI-50 HP,2019-12-16T10:48:34.877Z,Uttar Pradesh,Baghpat
MAHINDRA BHOOMIPUTRA 585 DI-50 HP,2019-11-09T12:52:54.973Z,Uttar Pradesh,Baghpat
MAHINDRA BHOOMIPUTRA 265 DI-30 HP,2019-12-06T08:05:00.765Z,Uttar Pradesh,Baghpat
MAHINDRA ARJUN NOVO 605 DI-I-57 HP,2019-12-06T06:33:53.062Z,Uttar Pradesh,Baghpat
MAHINDRA BHOOMIPUTRA 585 DI-50 HP,2019-12-13T07:19:19.746Z,Uttar Pradesh,Baghpat
MAHINDRA BHOOMIPUTRA 575 DI-45 HP,2020-01-10T11:23:27.688Z,Uttar Pradesh,Baghpat
MAHINDRA BHOOMIPUTRA 575 DI XP PLUS - 45 HP,2019-12-06T08:21:23.946Z,Uttar Pradesh,Baghpat
MAHINDRA ARJUN Ultra 605 DI-57HP,2019-11-29T09:37:08.863Z,Uttar Pradesh,Baghpat
MAHINDRA BHOOMIPUTRA 575 DI-45 HP,2020-01-29T11:15:03.196Z,Uttar Pradesh,Baghpat
MAHINDRA ARJUN Ultra 605 DI-57HP,2020-01-23T09:26:39.905Z,Uttar Pradesh,Baghpat
MAHINDRA ARJUN Ultra 1 555 DI-50 HP,2020-01-23T10:45:10.285Z,Uttar Pradesh,Baghpat
MAHINDRA ARJUN Ultra 1 555 DI-50 HP,2020-01-09T10:07:50.306Z,Uttar Pradesh,Bahraich
MAHINDRA ARJUN NOVO 605 DI-I-57 HP,2019-11-29T10:40:24.674Z,Uttar Pradesh,Bahraich
MAHINDRA ARJUN Ultra 1 555 DI-50 HP,2019-12-05T10:53:13.706Z,Uttar Pradesh,Bahraich
MAHINDRA BHOOMIPUTRA 265 DI-35 HP,2019-12-04T08:43:44.877Z,Uttar Pradesh,Bahraich
MAHINDRA ARJUN NOVO 605 DI-I-57 HP,2019-12-05T06:40:02.939Z,Uttar Pradesh,Bahraich
MAHINDRA ARJUN NOVO 605 DI-I-57 HP,2020-01-09T11:15:38.244Z,Uttar Pradesh,Bahraich
MAHINDRA BHOOMIPUTRA 265 DI-35 HP,2020-01-22T07:13:58.075Z,Uttar Pradesh,Bahraich
MAHINDRA BHOOMIPUTRA 585 DI-50 HP,2020-01-21T11:43:30.897Z,Uttar Pradesh,Bahraich
MAHINDRA ARJUN NOVO 605 DI-I-57 HP,2020-01-22T06:18:42.672Z,Uttar Pradesh,Bahraich
MAHINDRA YUVO 575 DI-45 HP,2020-02-11T12:28:57.751Z,Uttar Pradesh,Bahraich
MAHINDRA BHOOMIPUTRA 415 DI-40 HP,2020-01-27T10:32:18.765Z,Uttar Pradesh,Bahraich
MAHINDRA ARJUN Ultra 1 555 DI-50 HP,2020-02-23T12:36:29.435Z,Uttar Pradesh,Bahraich
MAHINDRA ARJUN NOVO 605 DI-I-57 HP,2019-10-31T08:30:35.230Z,Uttar Pradesh,Bara Banki
MAHINDRA ARJUN Ultra 1 555 DI-50 HP,2019-10-22T11:03:23.354Z,Uttar Pradesh,Bara Banki
MAHINDRA BHOOMIPUTRA 275 DI TU-39 HP,2019-11-25T09:59:33.041Z,Uttar Pradesh,Bara Banki
MAHINDRA YUVO 575 DI-45 HP,2019-11-16T12:46:02.619Z,Uttar Pradesh,Bara Banki
MAHINDRA YUVO 475 DI-42 HP,2019-11-20T10:07:01.986Z,Uttar Pradesh,Bara Banki
MAHINDRA BHOOMIPUTRA 275 Eco-35 HP,2020-01-30T08:57:04.045Z,Uttar Pradesh,Bara Banki
MAHINDRA JIVO 245 DI-24 HP,2020-01-30T08:15:42.667Z,Uttar Pradesh,Bara Banki
MAHINDRA BHOOMIPUTRA 585 DI-50 HP,2019-11-29T11:28:11.362Z,Uttar Pradesh,Bareilly
MAHINDRA BHOOMIPUTRA 575 DI-45 HP,2019-11-08T09:04:09.203Z,Uttar Pradesh,Bareilly
MAHINDRA BHOOMIPUTRA 585 DI-50 HP,2019-11-22T11:39:13.073Z,Uttar Pradesh,Bareilly
MAHINDRA BHOOMIPUTRA 585 DI-50 HP,2020-02-06T13:46:58.331Z,Uttar Pradesh,Bareilly
MAHINDRA BHOOMIPUTRA 575 DI XP PLUS - 45 HP,2020-01-29T06:37:37.696Z,Uttar Pradesh,Bareilly
MAHINDRA BHOOMIPUTRA 585 DI-50 HP,2019-12-05T12:08:00.474Z,Uttar Pradesh,Basti
MAHINDRA BHOOMIPUTRA 265 DI-35 HP,2019-12-06T06:42:59.527Z,Uttar Pradesh,Basti
MAHINDRA BHOOMIPUTRA 585 DI-50 HP,2019-12-06T08:49:44.903Z,Uttar Pradesh,Basti
MAHINDRA BHOOMIPUTRA 585 DI-50 HP,2019-12-05T09:25:40.989Z,Uttar Pradesh,Basti
MAHINDRA ARJUN Ultra 1 555 DI-50 HP,2019-10-17T10:32:49.340Z,Uttar Pradesh,Bijnor
MAHINDRA ARJUN Ultra 1 555 DI-50 HP,2019-12-16T11:06:34.394Z,Uttar Pradesh,Bijnor
MAHINDRA ARJUN NOVO 605 DI-I-57 HP,2019-10-21T11:34:37.017Z,Uttar Pradesh,Bijnor
MAHINDRA BHOOMIPUTRA 585 DI-50 HP,2019-12-17T07:57:32.213Z,Uttar Pradesh,Bijnor
MAHINDRA BHOOMIPUTRA 595 DI,2019-11-25T10:37:18.374Z,Uttar Pradesh,Bijnor
MAHINDRA BHOOMIPUTRA 585 DI-50 HP,2019-11-25T11:33:32.742Z,Uttar Pradesh,Bijnor
MAHINDRA ARJUN Ultra 1 555 DI-50 HP,2019-10-05T07:27:35.234Z,Uttar Pradesh,Bijnor
MAHINDRA BHOOMIPUTRA 585 DI-50 HP,2019-12-02T10:38:16.136Z,Uttar Pradesh,Bijnor
MAHINDRA BHOOMIPUTRA 575 DI-45 HP,2019-11-30T07:08:40.161Z,Uttar Pradesh,Bijnor
MAHINDRA ARJUN Ultra 1 555 DI-50 HP,2019-12-28T08:39:54.277Z,Uttar Pradesh,Bijnor
MAHINDRA BHOOMIPUTRA 575 DI-42 HP,2020-01-31T09:47:05.011Z,Uttar Pradesh,Bijnor
MAHINDRA BHOOMIPUTRA 575 DI-42 HP,2020-01-31T08:50:01.511Z,Uttar Pradesh,Bijnor
MAHINDRA BHOOMIPUTRA 575 DI-45 HP,2019-12-09T11:49:30.760Z,Uttar Pradesh,Chandauli
MAHINDRA BHOOMIPUTRA 265 DI-35 HP,2020-03-16T10:44:58.584Z,Uttar Pradesh,Chitrakoot
MAHINDRA BHOOMIPUTRA 275 DI TU-39 HP,2020-03-20T06:40:22.804Z,Uttar Pradesh,Chitrakoot
MAHINDRA ARJUN Ultra 1 555 DI-50 HP,2019-12-04T05:40:37.585Z,Uttar Pradesh,Deoria
MAHINDRA BHOOMIPUTRA 265 DI-35 HP,2019-12-04T04:31:13.280Z,Uttar Pradesh,Deoria
MAHINDRA YUVO 275 DI-35 HP,2019-10-12T08:06:21.684Z,Uttar Pradesh,Etah
MAHINDRA BHOOMIPUTRA 575 DI XP PLUS - 45 HP,2019-10-12T10:25:30.712Z,Uttar Pradesh,Etah
MAHINDRA BHOOMIPUTRA 265 DI-33 HP,2019-10-12T07:38:50.951Z,Uttar Pradesh,Etah
MAHINDRA BHOOMIPUTRA 575 DI-45 HP,2019-10-20T04:51:45.199Z,Uttar Pradesh,Etah
MAHINDRA BHOOMIPUTRA 275 Eco-35 HP,2019-10-13T09:22:34.332Z,Uttar Pradesh,Etah
MAHINDRA BHOOMIPUTRA 585 DI-50 HP,2019-11-28T09:20:15.292Z,Uttar Pradesh,Faizabad
MAHINDRA BHOOMIPUTRA 265 DI-35 HP,2019-11-08T09:21:17.645Z,Uttar Pradesh,Faizabad
MAHINDRA BHOOMIPUTRA 265 DI-35 HP,2019-11-08T08:34:55.696Z,Uttar Pradesh,Faizabad
MAHINDRA YUVO 575 DI-45 HP,2019-11-14T08:54:17.096Z,Uttar Pradesh,Faizabad
MAHINDRA BHOOMIPUTRA 475 DI-42 HP,2019-11-06T08:42:40.081Z,Uttar Pradesh,Faizabad
MAHINDRA ARJUN NOVO 605 DI-I-57 HP,2019-12-11T07:07:14.629Z,Uttar Pradesh,Fatehpur
MAHINDRA ARJUN NOVO 605 DI-I-57 HP,2019-12-14T07:12:18.869Z,Uttar Pradesh,Fatehpur
MAHINDRA BHOOMIPUTRA 265 DI-35 HP,2019-12-26T06:45:50.473Z,Uttar Pradesh,Fatehpur
MAHINDRA BHOOMIPUTRA 575 DI-42 HP,2019-11-18T09:16:28.820Z,Uttar Pradesh,Ghaziabad
MAHINDRA BHOOMIPUTRA 575 DI-42 HP,2019-12-06T10:33:38.717Z,Uttar Pradesh,Ghaziabad
MAHINDRA BHOOMIPUTRA 265 DI-35 HP,2019-12-15T12:42:58.888Z,Uttar Pradesh,Ghaziabad
MAHINDRA BHOOMIPUTRA 265 DI-35 HP,2019-12-06T07:06:47.042Z,Uttar Pradesh,Ghaziabad
MAHINDRA BHOOMIPUTRA 575 DI-45 HP,2019-12-05T09:15:42.016Z,Uttar Pradesh,Ghaziabad
MAHINDRA BHOOMIPUTRA 265 DI-35 HP,2019-12-06T08:32:17.876Z,Uttar Pradesh,Ghaziabad
MAHINDRA BHOOMIPUTRA 575 DI-45 HP,2019-12-05T08:42:51.709Z,Uttar Pradesh,Ghaziabad
MAHINDRA BHOOMIPUTRA 575 DI-42 HP,2019-12-09T09:29:40.324Z,Uttar Pradesh,Ghaziabad
MAHINDRA BHOOMIPUTRA 585 DI-50 HP,2020-01-24T08:24:16.393Z,Uttar Pradesh,Ghaziabad
MAHINDRA BHOOMIPUTRA 575 DI-45 HP,2020-01-27T02:43:30.099Z,Uttar Pradesh,Ghaziabad
MAHINDRA BHOOMIPUTRA 265 DI-35 HP,2020-01-27T04:14:13.467Z,Uttar Pradesh,Ghaziabad
MAHINDRA BHOOMIPUTRA 585 DI-50 HP,2019-12-27T12:07:13.765Z,Uttar Pradesh,Ghazipur
MAHINDRA YUVO 415 DI-40 HP,2020-01-30T06:59:59.452Z,Uttar Pradesh,Ghazipur
MAHINDRA BHOOMIPUTRA 265 DI-35 HP,2020-02-03T07:45:40.500Z,Uttar Pradesh,Ghazipur
MAHINDRA YUVO 575 DI-45 HP,2020-01-24T06:19:00.629Z,Uttar Pradesh,Ghazipur
MAHINDRA YUVO 575 DI-45 HP,2020-01-24T07:17:50.102Z,Uttar Pradesh,Ghazipur
  ,2020-02-18T07:06:52.254Z,Uttar Pradesh,Ghazipur
MAHINDRA YUVO 575 DI-45 HP,2020-02-25T07:16:16.885Z,Uttar Pradesh,Ghazipur
MAHINDRA YUVO 265 DI-32 HP,2020-03-13T08:52:04.907Z,Uttar Pradesh,Ghazipur
MAHINDRA YUVO 575 DI-45 HP,2019-11-27T10:16:23.438Z,Uttar Pradesh,Gonda
MAHINDRA ARJUN Ultra 1 555 DI-50 HP,2019-12-24T09:54:22.868Z,Uttar Pradesh,Gonda
MAHINDRA BHOOMIPUTRA 575 DI XP PLUS - 45 HP,2019-11-26T09:34:17.067Z,Uttar Pradesh,Gonda
MAHINDRA BHOOMIPUTRA 585 DI-50 HP,2019-12-07T10:31:18.494Z,Uttar Pradesh,Gonda
MAHINDRA YUVO 575 DI-45 HP,2019-12-07T08:17:59.170Z,Uttar Pradesh,Gonda
MAHINDRA BHOOMIPUTRA 585 DI-50 HP,2019-12-07T11:43:01.449Z,Uttar Pradesh,Gonda
MAHINDRA BHOOMIPUTRA 475 DI-42 HP,2020-01-30T10:15:23.320Z,Uttar Pradesh,Gonda
MAHINDRA BHOOMIPUTRA 585 DI-50 HP,2019-11-15T06:57:36.326Z,Uttar Pradesh,Hamirpur
MAHINDRA YUVO 575 DI-45 HP,2019-10-12T07:31:14.686Z,Uttar Pradesh,Hardoi
MAHINDRA BHOOMIPUTRA 585 DI-50 HP,2019-10-12T08:38:58.960Z,Uttar Pradesh,Hardoi
MAHINDRA BHOOMIPUTRA 275 Eco-35 HP,2019-11-22T06:19:22.421Z,Uttar Pradesh,Hardoi
MAHINDRA BHOOMIPUTRA 265 DI-30 HP,2019-11-30T05:45:17.842Z,Uttar Pradesh,Hardoi
MAHINDRA BHOOMIPUTRA 275 DI TU-39 HP,2020-01-30T10:14:55.367Z,Uttar Pradesh,Hardoi
MAHINDRA BHOOMIPUTRA 275 DI TU-39 HP,2020-02-21T09:38:09.505Z,Uttar Pradesh,Hardoi
MAHINDRA BHOOMIPUTRA 575 DI XP PLUS - 45 HP,2020-03-21T09:34:35.900Z,Uttar Pradesh,Hardoi
MAHINDRA BHOOMIPUTRA 475 DI XP PLUS - 42 HP,2019-10-10T11:54:11.782Z,Uttar Pradesh,Jalaun
MAHINDRA BHOOMIPUTRA 585 DI-50 HP,2019-11-07T07:28:10.244Z,Uttar Pradesh,Jalaun
MAHINDRA ARJUN NOVO 605 DI-I-57 HP,2019-11-07T06:29:10.482Z,Uttar Pradesh,Jalaun
MAHINDRA BHOOMIPUTRA 265 DI-35 HP,2019-12-03T10:44:04.126Z,Uttar Pradesh,Jalaun
MAHINDRA BHOOMIPUTRA 585 DI-50 HP,2019-11-07T05:52:30.148Z,Uttar Pradesh,Jalaun
MAHINDRA ARJUN NOVO 605 DI-I-57 HP,2019-12-28T12:24:03.527Z,Uttar Pradesh,Jalaun
MAHINDRA ARJUN NOVO 605 DI-I-57 HP,2019-10-11T07:19:23.033Z,Uttar Pradesh,Jaunpur
MAHINDRA BHOOMIPUTRA 475 DI-42 HP,2019-10-11T08:55:09.222Z,Uttar Pradesh,Jaunpur
MAHINDRA BHOOMIPUTRA 265 DI-35 HP,2019-11-06T08:47:30.462Z,Uttar Pradesh,Kanpur Dehat
MAHINDRA BHOOMIPUTRA 575 DI-45 HP,2019-11-09T11:02:16.154Z,Uttar Pradesh,Kanpur Dehat
MAHINDRA YUVO 415 DI-40 HP,2019-11-09T06:27:46.449Z,Uttar Pradesh,Kanpur Dehat
MAHINDRA BHOOMIPUTRA 585 DI-50 HP,2019-11-08T11:12:38.019Z,Uttar Pradesh,Kanpur Dehat
MAHINDRA BHOOMIPUTRA 475 DI-42 HP,2019-11-27T10:34:53.826Z,Uttar Pradesh,Kanpur Dehat
MAHINDRA BHOOMIPUTRA 265 DI-35 HP,2019-11-06T08:01:19.827Z,Uttar Pradesh,Kanpur Dehat
MAHINDRA BHOOMIPUTRA 265 DI-35 HP,2019-11-26T09:11:09.354Z,Uttar Pradesh,Kanpur Dehat
MAHINDRA BHOOMIPUTRA 265 DI-30 HP,2020-02-18T10:40:44.945Z,Uttar Pradesh,Kanpur Dehat
MAHINDRA YUVO 475 DI-42 HP,2019-10-17T09:01:42.245Z,Uttar Pradesh,Kanpur
MAHINDRA BHOOMIPUTRA 265 DI-35 HP,2019-11-13T08:55:53.144Z,Uttar Pradesh,Kanpur
MAHINDRA BHOOMIPUTRA 265 DI-35 HP,2019-11-13T07:36:28.112Z,Uttar Pradesh,Kanpur
MAHINDRA BHOOMIPUTRA 265 DI-35 HP,2019-11-13T08:28:38.575Z,Uttar Pradesh,Kanpur
MAHINDRA BHOOMIPUTRA 265 DI-35 HP,2019-11-13T10:34:49.176Z,Uttar Pradesh,Kanpur
MAHINDRA BHOOMIPUTRA 265 DI-35 HP,2019-11-13T09:52:04.879Z,Uttar Pradesh,Kanpur
MAHINDRA BHOOMIPUTRA 265 DI-35 HP,2019-11-13T11:42:14.396Z,Uttar Pradesh,Kanpur
MAHINDRA BHOOMIPUTRA 265 DI-35 HP,2019-11-15T09:20:44.876Z,Uttar Pradesh,Kanpur
MAHINDRA BHOOMIPUTRA 415 DI-40 HP,2020-01-04T13:05:29.778Z,Uttar Pradesh,Kanpur
MAHINDRA BHOOMIPUTRA 265 DI-30 HP,2020-01-07T07:45:52.245Z,Uttar Pradesh,Kanpur
MAHINDRA BHOOMIPUTRA 265 DI-35 HP,2020-01-07T07:03:04.038Z,Uttar Pradesh,Kanpur
MAHINDRA BHOOMIPUTRA 265 DI-35 HP,2020-02-27T12:38:55.054Z,Uttar Pradesh,Kanpur
MAHINDRA BHOOMIPUTRA 265 DI-30 HP,2020-03-13T10:13:43.577Z,Uttar Pradesh,Kanpur
MAHINDRA ARJUN NOVO 605 DI-I-57 HP,2020-03-18T11:33:11.291Z,Uttar Pradesh,Kanpur
MAHINDRA ARJUN NOVO 605 DI-I-57 HP,2020-03-20T08:09:43.901Z,Uttar Pradesh,Kanpur
MAHINDRA BHOOMIPUTRA 475 DI-42 HP,2019-11-06T07:25:39.853Z,Uttar Pradesh,Chitrakoot
MAHINDRA BHOOMIPUTRA 265 DI-30 HP,2019-10-07T11:46:17.731Z,Uttar Pradesh,Chitrakoot
MAHINDRA YUVO 275 DI-35 HP,2019-10-07T09:04:59.643Z,Uttar Pradesh,Chitrakoot
MAHINDRA BHOOMIPUTRA 265 DI-35 HP,2020-02-11T07:03:22.409Z,Uttar Pradesh,Chitrakoot
MAHINDRA BHOOMIPUTRA 415 DI-40 HP,2019-09-28T10:12:39.821Z,Uttar Pradesh,Kushinagar
MAHINDRA BHOOMIPUTRA 415 DI-40 HP,2019-09-28T10:52:04.616Z,Uttar Pradesh,Kushinagar
MAHINDRA ARJUN NOVO 605 DI-I-57 HP,2019-10-03T09:34:26.387Z,Uttar Pradesh,Kushinagar
MAHINDRA ARJUN NOVO 605 DI-I-57 HP,2019-11-18T08:05:35.699Z,Uttar Pradesh,Kushinagar
MAHINDRA ARJUN NOVO 605 DI-I-57 HP,2019-11-18T09:48:47.913Z,Uttar Pradesh,Kushinagar
MAHINDRA YUVO 575 DI-45 HP,2019-11-18T12:15:18.426Z,Uttar Pradesh,Kushinagar
MAHINDRA ARJUN NOVO 605 DI-I-57 HP,2019-12-09T11:36:44.016Z,Uttar Pradesh,Kushinagar
MAHINDRA ARJUN NOVO 605 DI-I-57 HP,2019-09-28T06:52:46.426Z,Uttar Pradesh,Kushinagar
MAHINDRA ARJUN NOVO 605 DI-I-57 HP,2019-12-09T09:52:50.823Z,Uttar Pradesh,Kushinagar
MAHINDRA BHOOMIPUTRA 585 DI-50 HP,2019-12-24T13:15:49.250Z,Uttar Pradesh,Lakhimpur Kheri
MAHINDRA JIVO 245 DI-24 HP,2020-01-15T07:10:55.716Z,Uttar Pradesh,Lakhimpur Kheri
MAHINDRA ARJUN NOVO 605 DI-I-57 HP,2019-12-18T11:32:56.900Z,Uttar Pradesh,Lakhimpur Kheri
MAHINDRA ARJUN Ultra 1 555 DI-50 HP,2019-12-28T11:17:58.326Z,Uttar Pradesh,Lakhimpur Kheri
MAHINDRA BHOOMIPUTRA 585 DI-50 HP,2019-12-18T11:17:19.156Z,Uttar Pradesh,Lakhimpur Kheri
MAHINDRA JIVO 245 DI-24 HP,2019-12-24T06:35:18.103Z,Uttar Pradesh,Lakhimpur Kheri
MAHINDRA JIVO 245 DI-24 HP,2019-12-28T11:13:54.146Z,Uttar Pradesh,Lakhimpur Kheri
MAHINDRA JIVO 245 DI-24 HP,2019-12-29T05:15:03.318Z,Uttar Pradesh,Lakhimpur Kheri
MAHINDRA BHOOMIPUTRA 575 DI-42 HP,2020-01-15T13:16:13.404Z,Uttar Pradesh,Lakhimpur Kheri
MAHINDRA JIVO 245 DI-24 HP,2020-01-15T05:00:09.314Z,Uttar Pradesh,Lakhimpur Kheri
MAHINDRA JIVO 245 DI-24 HP,2020-01-15T05:40:03.173Z,Uttar Pradesh,Lakhimpur Kheri
MAHINDRA JIVO 245 DI-24 HP,2020-01-15T06:01:18.363Z,Uttar Pradesh,Lakhimpur Kheri
MAHINDRA JIVO 245 DI-24 HP,2020-01-15T06:16:09.707Z,Uttar Pradesh,Lakhimpur Kheri
MAHINDRA JIVO 245 DI-24 HP,2020-01-15T06:40:06.123Z,Uttar Pradesh,Lakhimpur Kheri
MAHINDRA JIVO 245 DI-24 HP,2020-01-23T05:49:07.154Z,Uttar Pradesh,Lakhimpur Kheri
MAHINDRA JIVO 245 DI-24 HP,2020-01-31T09:54:01.874Z,Uttar Pradesh,Lakhimpur Kheri
MAHINDRA JIVO 245 DI-24 HP,2020-01-24T08:03:31.190Z,Uttar Pradesh,Lakhimpur Kheri
MAHINDRA ARJUN NOVO 605 DI-I-57 HP,2019-11-07T06:29:25.773Z,Uttar Pradesh,Lucknow
MAHINDRA BHOOMIPUTRA 575 DI XP PLUS - 45 HP,2019-10-19T06:50:18.759Z,Uttar Pradesh,Mainpuri
MAHINDRA BHOOMIPUTRA 265 DI-33 HP,2019-10-19T07:37:34.393Z,Uttar Pradesh,Mainpuri
MAHINDRA BHOOMIPUTRA 575 DI-45 HP,2019-10-19T09:17:45.075Z,Uttar Pradesh,Mainpuri
MAHINDRA BHOOMIPUTRA 575 DI-42 HP,2019-11-06T11:25:25.239Z,Uttar Pradesh,Mainpuri
MAHINDRA BHOOMIPUTRA 575 DI XP PLUS - 45 HP,2019-12-10T09:46:41.134Z,Uttar Pradesh,Mainpuri
MAHINDRA BHOOMIPUTRA 575 DI-45 HP,2019-10-19T09:09:19.458Z,Uttar Pradesh,Mainpuri
MAHINDRA BHOOMIPUTRA 575 DI XP PLUS - 45 HP,2020-01-03T08:26:57.912Z,Uttar Pradesh,Mainpuri
MAHINDRA BHOOMIPUTRA 575 DI XP PLUS - 45 HP,2020-01-04T07:23:37.457Z,Uttar Pradesh,Mainpuri
MAHINDRA BHOOMIPUTRA 575 DI-42 HP,2020-03-07T07:58:40.314Z,Uttar Pradesh,Mainpuri
MAHINDRA BHOOMIPUTRA 415 DI-40 HP,2019-12-07T08:19:43.228Z,Uttar Pradesh,Mau
MAHINDRA BHOOMIPUTRA 265 DI-35 HP,2020-01-17T09:37:48.403Z,Uttar Pradesh,Meerut
MAHINDRA ARJUN Ultra 1 555 DI-50 HP,2019-10-10T10:12:02.215Z,Uttar Pradesh,Meerut
MAHINDRA SARPANCH (NST) 595 DI Turbo-50 HP,2019-10-11T11:36:54.314Z,Uttar Pradesh,Meerut
MAHINDRA ARJUN NOVO 605 DI-I-57 HP,2019-10-16T07:47:29.148Z,Uttar Pradesh,Meerut
MAHINDRA BHOOMIPUTRA 575 DI-45 HP,2019-10-15T10:53:25.646Z,Uttar Pradesh,Meerut
MAHINDRA BHOOMIPUTRA 575 DI-45 HP,2019-11-29T10:21:11.598Z,Uttar Pradesh,Meerut
MAHINDRA ARJUN NOVO 605 DI-I-57 HP,2019-11-14T12:17:02.775Z,Uttar Pradesh,Meerut
MAHINDRA BHOOMIPUTRA 265 DI-35 HP,2020-01-17T10:03:41.496Z,Uttar Pradesh,Meerut
MAHINDRA BHOOMIPUTRA 585 DI-50 HP,2019-12-19T07:52:44.246Z,Uttar Pradesh,Meerut
MAHINDRA BHOOMIPUTRA 585 DI-50 HP,2019-12-18T11:20:48.485Z,Uttar Pradesh,Meerut
MAHINDRA BHOOMIPUTRA 575 DI-42 HP,2019-12-19T12:49:09.409Z,Uttar Pradesh,Meerut
MAHINDRA YUVO 265 DI-32 HP,2019-12-14T09:00:15.008Z,Uttar Pradesh,Meerut
MAHINDRA BHOOMIPUTRA 575 DI XP PLUS - 45 HP,2020-01-09T11:38:43.739Z,Uttar Pradesh,Meerut
MAHINDRA BHOOMIPUTRA 275 Eco-35 HP,2019-11-29T09:33:57.375Z,Uttar Pradesh,Meerut
MAHINDRA BHOOMIPUTRA 575 DI-42 HP,2019-11-29T07:28:06.179Z,Uttar Pradesh,Meerut
MAHINDRA BHOOMIPUTRA 575 DI-45 HP,2019-12-02T08:43:37.297Z,Uttar Pradesh,Meerut
MAHINDRA ARJUN Ultra 1 555 DI-50 HP,2019-12-05T07:00:35.029Z,Uttar Pradesh,Meerut
MAHINDRA BHOOMIPUTRA 575 DI-42 HP,2019-12-09T07:55:11.912Z,Uttar Pradesh,Meerut
MAHINDRA BHOOMIPUTRA 265 DI XP-35 HP,2019-12-05T08:49:19.979Z,Uttar Pradesh,Meerut
MAHINDRA BHOOMIPUTRA 265 DI-35 HP,2020-01-17T10:36:36.013Z,Uttar Pradesh,Meerut
MAHINDRA BHOOMIPUTRA 265 DI-35 HP,2019-12-30T12:27:50.669Z,Uttar Pradesh,Meerut
MAHINDRA BHOOMIPUTRA 575 DI-42 HP,2020-01-04T10:31:45.512Z,Uttar Pradesh,Meerut
MAHINDRA BHOOMIPUTRA 265 DI-35 HP,2020-01-17T08:34:40.339Z,Uttar Pradesh,Meerut
MAHINDRA BHOOMIPUTRA 265 DI-35 HP,2020-01-17T08:57:51.135Z,Uttar Pradesh,Meerut
MAHINDRA BHOOMIPUTRA 265 DI-35 HP,2020-01-25T11:45:51.545Z,Uttar Pradesh,Meerut
MAHINDRA YUVO 575 DI-45 HP,2020-02-28T06:49:21.294Z,Uttar Pradesh,Meerut
MAHINDRA ARJUN NOVO 605 DI-I-57 HP,2020-03-17T10:31:06.415Z,Uttar Pradesh,Meerut
MAHINDRA YUVO 575 DI-45 HP,2020-03-17T11:07:56.082Z,Uttar Pradesh,Meerut
MAHINDRA ARJUN Ultra 605 DI-57HP,2019-12-16T07:43:52.954Z,Uttar Pradesh,Moradabad
MAHINDRA ARJUN NOVO 605 DI-I-57 HP,2019-10-15T08:59:23.823Z,Uttar Pradesh,Moradabad
MAHINDRA ARJUN Ultra 605 DI-57HP,2019-12-16T12:24:43.448Z,Uttar Pradesh,Moradabad
MAHINDRA ARJUN NOVO 605 DI-I-57 HP,2019-12-17T06:25:09.114Z,Uttar Pradesh,Moradabad
MAHINDRA ARJUN NOVO 605 DI-I-57 HP,2019-11-07T10:29:49.483Z,Uttar Pradesh,Moradabad
MAHINDRA ARJUN Ultra 1 555 DI-50 HP,2019-10-15T10:25:39.470Z,Uttar Pradesh,Moradabad
MAHINDRA ARJUN Ultra 1 555 DI-50 HP,2020-02-03T07:03:10.357Z,Uttar Pradesh,Moradabad
MAHINDRA BHOOMIPUTRA 575 DI-45 HP,2019-12-10T08:05:08.011Z,Uttar Pradesh,Muzaffarnagar
MAHINDRA BHOOMIPUTRA 575 DI-45 HP,2019-12-04T10:31:54.807Z,Uttar Pradesh,Muzaffarnagar
MAHINDRA BHOOMIPUTRA 585 DI-50 HP,2019-12-30T10:01:57.866Z,Uttar Pradesh,Muzaffarnagar
MAHINDRA ARJUN Ultra 1 555 DI-50 HP,2019-12-30T09:05:03.040Z,Uttar Pradesh,Muzaffarnagar
MAHINDRA ARJUN Ultra 1 555 DI-50 HP,2020-01-24T10:36:41.212Z,Uttar Pradesh,Muzaffarnagar
MAHINDRA BHOOMIPUTRA 265 DI-35 HP,2020-03-07T08:34:06.753Z,Uttar Pradesh,Muzaffarnagar
MAHINDRA ARJUN NOVO 605 DI-I-57 HP,2019-10-22T07:32:49.576Z,Uttar Pradesh,Pilibhit
MAHINDRA ARJUN Ultra 605 DI-57HP,2019-11-20T07:23:19.047Z,Uttar Pradesh,Pilibhit
MAHINDRA ARJUN Ultra 1 555 DI-50 HP,2020-01-05T09:00:49.042Z,Uttar Pradesh,Pilibhit
MAHINDRA ARJUN Ultra 605 DI-57HP,2020-03-21T08:37:47.721Z,Uttar Pradesh,Pilibhit
MAHINDRA BHOOMIPUTRA 265 DI-35 HP,2020-01-04T08:25:43.543Z,Uttar Pradesh,Pratapgarh
MAHINDRA BHOOMIPUTRA 585 DI-50 HP,2020-01-28T07:57:53.626Z,Uttar Pradesh,Pratapgarh
MAHINDRA BHOOMIPUTRA 265 DI-33 HP,2019-10-13T08:07:33.231Z,Uttar Pradesh,Rae Bareli
MAHINDRA BHOOMIPUTRA 265 DI-35 HP,2019-11-15T08:57:23.576Z,Uttar Pradesh,Rae Bareli
MAHINDRA BHOOMIPUTRA 265 DI-35 HP,2019-11-15T10:05:43.047Z,Uttar Pradesh,Rae Bareli
MAHINDRA ARJUN Ultra 1 555 DI-50 HP,2019-11-15T10:03:29.828Z,Uttar Pradesh,Saharanpur
MAHINDRA BHOOMIPUTRA 575 DI-45 HP,2019-12-25T11:33:35.873Z,Uttar Pradesh,Saharanpur
MAHINDRA BHOOMIPUTRA 575 DI-45 HP,2019-12-14T08:42:49.044Z,Uttar Pradesh,Saharanpur
MAHINDRA BHOOMIPUTRA 585 DI-50 HP,2019-10-18T09:54:00.387Z,Uttar Pradesh,Saharanpur
MAHINDRA JIVO 245 DI-24 HP,2019-12-26T09:26:19.020Z,Uttar Pradesh,Siddharth Nagar
MAHINDRA YUVO 575 DI-45 HP,2019-12-25T12:24:27.345Z,Uttar Pradesh,Siddharth Nagar
MAHINDRA YUVO 575 DI-45 HP,2019-12-25T13:10:26.774Z,Uttar Pradesh,Siddharth Nagar
MAHINDRA ARJUN NOVO 605 DI-I-57 HP,2020-03-11T13:52:03.215Z,Uttar Pradesh,Siddharth Nagar
MAHINDRA ARJUN NOVO 605 DI-I-57 HP,2020-02-22T13:17:36.837Z,Uttar Pradesh,Sitapur
MAHINDRA ARJUN NOVO 605 DI-I-57 HP,2019-11-09T12:18:07.785Z,Uttar Pradesh,Sitapur
MAHINDRA ARJUN Ultra 605 DI-57HP,2020-02-22T10:04:43.812Z,Uttar Pradesh,Sitapur
MAHINDRA ARJUN NOVO 605 DI-I-57 HP,2020-02-22T11:41:35.262Z,Uttar Pradesh,Sitapur
MAHINDRA BHOOMIPUTRA 275 DI TU-39 HP,2019-10-23T08:06:41.054Z,Uttar Pradesh,Sonbhadra
MAHINDRA BHOOMIPUTRA 415 DI-40 HP,2019-10-24T06:07:00.541Z,Uttar Pradesh,Sonbhadra
MAHINDRA BHOOMIPUTRA 475 DI-42 HP,2019-11-25T08:22:08.239Z,Uttar Pradesh,Sonbhadra
MAHINDRA YUVO 475 DI-42 HP,2019-11-08T09:29:28.497Z,Uttar Pradesh,Sonbhadra
MAHINDRA BHOOMIPUTRA 475 DI-42 HP,2019-12-17T10:58:41.515Z,Uttar Pradesh,Sonbhadra
MAHINDRA BHOOMIPUTRA 275 DI TU-39 HP,2019-11-21T09:55:29.657Z,Uttar Pradesh,Sonbhadra
MAHINDRA BHOOMIPUTRA 475 DI-42 HP,2019-10-23T10:44:28.363Z,Uttar Pradesh,Sonbhadra
MAHINDRA BHOOMIPUTRA 475 DI-42 HP,2019-11-22T09:07:04.210Z,Uttar Pradesh,Sonbhadra
MAHINDRA BHOOMIPUTRA 475 DI-42 HP,2020-01-18T11:32:12.346Z,Uttar Pradesh,Sonbhadra
MAHINDRA BHOOMIPUTRA 415 DI-40 HP,2019-12-29T07:38:03.569Z,Uttar Pradesh,Sonbhadra
MAHINDRA BHOOMIPUTRA 415 DI-40 HP,2020-02-08T10:31:28.619Z,Uttar Pradesh,Sonbhadra
MAHINDRA BHOOMIPUTRA 475 DI-42 HP,2020-01-12T10:27:17.638Z,Uttar Pradesh,Sonbhadra
MAHINDRA YUVO 575 DI-45 HP,2020-02-28T11:42:57.191Z,Uttar Pradesh,Sonbhadra
MAHINDRA BHOOMIPUTRA 415 DI-40 HP,2020-03-16T08:23:26.296Z,Uttar Pradesh,Sonbhadra
MAHINDRA BHOOMIPUTRA 475 DI-42 HP,2020-03-18T11:27:48.070Z,Uttar Pradesh,Sonbhadra
MAHINDRA ARJUN NOVO 605 DI-I-57 HP,2019-10-12T08:05:28.389Z,Uttar Pradesh,Sultanpur
MAHINDRA BHOOMIPUTRA 475 DI-42 HP,2019-11-16T07:57:52.966Z,Uttar Pradesh,Sultanpur
MAHINDRA ARJUN Ultra 1 555 DI-50 HP,2019-11-14T08:51:24.879Z,Uttar Pradesh,Sultanpur
MAHINDRA BHOOMIPUTRA 585 DI-50 HP,2019-11-30T08:19:22.483Z,Uttar Pradesh,Sultanpur
MAHINDRA BHOOMIPUTRA 265 DI-30 HP,2019-11-30T10:47:01.369Z,Uttar Pradesh,Sultanpur
MAHINDRA YUVO 575 DI-45 HP,2020-01-20T10:12:17.316Z,Uttar Pradesh,Sultanpur
MAHINDRA YUVO 475 DI-42 HP,2019-10-24T09:37:57.715Z,Uttar Pradesh,Unnao
MAHINDRA ARJUN NOVO 605 DI-I-57 HP,2019-10-24T10:36:04.180Z,Uttar Pradesh,Unnao
MAHINDRA ARJUN Ultra 1 555 DI-50 HP,2019-11-19T09:00:58.249Z,Uttar Pradesh,Unnao
MAHINDRA YUVO 265 DI-32 HP,2019-12-02T07:41:39.170Z,Uttar Pradesh,Unnao
MAHINDRA BHOOMIPUTRA 415 DI-40 HP,2020-01-28T11:08:28.097Z,Uttar Pradesh,Unnao
MAHINDRA YUVO 275 DI-35 HP,2019-11-20T10:26:06.108Z,Uttar Pradesh,Varanasi
MAHINDRA YUVO 575 DI-45 HP,2020-03-05T11:11:11.714Z,Uttar Pradesh,Varanasi
MAHINDRA ARJUN NOVO 605 DI-I-57 HP,2020-03-06T09:53:57.137Z,Uttar Pradesh,Varanasi
